{
  "Books": [
    {
      "Book Name": "Amintiri din copilarie",
      "Author": "Ion Creanga",
      "Price": 30,
      "Stock" : 10
    },
    {
      "Book Name": "Strainul",
      "Author": "Franz Kafka",
      "Price": 50,
      "Stock" : 15
    },
    {
      "Book Name": "In cautarea timpului pierdut",
      "Author": "Marcel Proust",
      "Price": 12,
      "Stock" : 3
    },
    {
      "Book Name": "Amantul doamnei Chatterley",
      "Author": "D. H. Lawrence",
      "Price": 16,
      "Stock" : 7
    }
  ]
}